block_id;blocker_id;blocked_user_id;reason
8aadb544-bf51-424d-a65a-fdcc6754fedc;smoke bitterly;hm mystify boo;useless
949e74ca-2cef-4123-9ea7-1f41302ed503;circa;ew when aw;after
5d9d45a3-4187-4d2f-9e35-bc8519c01f2f;athwart aha;whenever;about over monasticism
0f620135-ce1f-4731-9b3e-ded0f705fb4c;yowza beautifully stylish;decongestant fumigate;purse solicit aha
c600cf15-f1d1-4a49-8013-0215608003e2;enhance failing um;deck;ouch yahoo how
851e87d7-937e-42bb-86b2-ee2df89eaf66;gee;er;hurtful
1decb332-84ed-4a42-b22b-6c56b84fd139;wrathful alert;anesthetize eggplant jaywalk;ew ack
6dd4944c-a65f-48fc-b835-0ec9a423b506;especially;metabolise well;ripe strict torn
08ccf0eb-d09d-45eb-83d6-23ade98bd306;so practical finally;operating whose;shinny unaccountably
b8647ed6-1b49-43af-8749-44e3315c81b0;supportive labourer;uh-huh;hence
