participant_id;user_id;display_name;avatar_url;role;status;nickname;last_read_message_id;last_read_at;unread_count;is_muted;mute_until;is_pinned;pinned_at;joined_at;left_at;added_by;conversation_conversation_id
6a7ce36e-784a-41db-a9bb-2890b93d0987;syringe jovially;mmm;what;trim hence zowie;brisk;happy-go-lucky;ironclad even league;2026-02-04T02:06:46;27187;19845;2026-02-03T13:33:29;5195;2026-02-03T22:48:19;2026-02-04T01:52:10;2026-02-03T10:33:37;very;1ff837c7-ca9d-4d67-b0ad-2d28404b8db9
4a648f20-c3d2-44f9-be9b-d3da83c4afeb;great beyond;good-natured;perp meh geez;adventurously afterw;fiercely scarily;accomplished improbable unto;dreamily;2026-02-04T02:31:08;23304;6909;2026-02-04T03:31:07;6036;2026-02-04T03:46:28;2026-02-03T21:49:22;2026-02-03T23:39:32;the;129bfa9c-0585-4cee-a2cf-ce383840a53b
74daba1d-06d8-4394-8cc2-60752f621f9a;categorise seriously who;expostulate hutch optimistically;near illusion;quarrelsomely disapp;warped babushka deli;barracks;athwart deceivingly dish;2026-02-03T20:28:22;6600;26320;2026-02-03T21:28:54;11356;2026-02-04T01:54:38;2026-02-03T22:53:28;2026-02-03T23:50:10;stormy mousse outnumber;510e7219-f939-459b-81cc-a09ff224ad14
94df53c0-e20f-4dc2-9172-0a9488128c86;plus reboot;yuck serialize;across pull;parallel excitable;frankly usually;consequently quarrelsomely unaccountably;hungry;2026-02-04T07:38:18;9501;4661;2026-02-03T13:13:07;21151;2026-02-03T13:27:03;2026-02-03T13:33:14;2026-02-04T09:44:45;tabulate;910f3fc3-7c42-4261-9a35-f199e403a1a9
870eaf29-4773-4167-8efa-d68016c75413;hammock forenenst;hard-to-find;yum via;lively;yet;till past hence;uniform;2026-02-04T00:16:49;7166;24699;2026-02-04T08:47:16;19570;2026-02-04T02:28:48;2026-02-03T12:51:50;2026-02-04T00:27:15;please sticky;600cc7a7-c0e4-45ba-a986-cd62457a599a
cb7e3c32-128a-422b-a275-0a7c68ea1347;given;grouper without;likewise tomorrow;rightfully whether;perfumed now broadsi;soggy;ugly;2026-02-03T10:17:30;13205;15482;2026-02-04T03:08:26;19124;2026-02-04T05:14:22;2026-02-03T18:21:14;2026-02-04T08:43:03;circa sadly;59088211-165b-4c27-8a58-36ce57fd1536
61538e2d-0d65-4d25-af9b-277478fa2e8d;inquisitively average brisk;bravely impeccable internal;colour though;as towards cutlet;simplistic printer l;unto;ouch communicate crossly;2026-02-03T14:29:17;26119;22716;2026-02-03T14:59:09;22054;2026-02-03T17:36:01;2026-02-03T22:21:55;2026-02-03T22:15:03;make confirm;da5d6f28-eda0-4845-9ee2-e22372b3e417
170fe855-60e9-4850-a063-d365b069579a;vivaciously excess sadly;likewise;unlucky majestically gosh;among designation lo;polarisation;snow brilliant;indeed shyly;2026-02-03T11:06:38;27357;9251;2026-02-04T05:29:59;20164;2026-02-04T08:21:51;2026-02-03T18:30:31;2026-02-03T23:02:41;officially sway;2cb4fa8b-cff7-4981-9789-f47c1eda3a69
6c423f5c-ad42-4f9d-bf8c-20d83d136d52;excluding whoa punctuation;paintwork unlucky monstrous;entice mmm consequently;till nor;triumphantly fake le;laughter;underneath;2026-02-03T20:08:57;11949;7511;2026-02-03T23:01:34;19472;2026-02-03T23:53:14;2026-02-03T14:04:45;2026-02-03T17:41:48;mystify;23d19c38-1cc6-426b-a142-bce24562f70b
171ec479-e538-4db0-b18c-110d524161b5;ceramic the expatiate;casket;now;yippee once;chunder;honorable as mindless;provided ouch;2026-02-03T16:32:12;32219;7944;2026-02-04T03:18:10;8705;2026-02-04T03:55:44;2026-02-04T01:49:14;2026-02-04T03:50:49;good-natured;61b76281-ed98-438d-a660-faf291cafeb0
