report_id;reporter_id;message_id;reason;details;status;reviewed_by;reviewed_at;review_notes;action_taken
bbae809c-4372-4e4e-9ced-7fcf424d6a08;baseboard steep;before whenever;unto from via;reasonable chunter;correctly prickly ma;although upon hm;2026-02-03T20:58:21;hmph anti completion;pilot indeed that
5824b2a8-ae7b-4f33-8f38-654de3e3fd94;tomatillo willfully save;essence through before;boo hmph not;coagulate;loudly lest scoff;disgorge astride up;2026-02-04T01:10:21;hm excited;excepting equatorial
7c2607b5-99a4-4c2a-8c97-b166aa5fbfbf;once deeply while;tool almost illiterate;whitewash regarding;gracefully middle oh;fiercely ugh;coaxingly with aw;2026-02-04T05:08:21;wholly gaseous;lovely thankfully sore
64e252b3-143b-4aee-ac8c-f10419d87dd9;formal;apropos forgery nor;like solidly verify;phooey inasmuch;tooth;as;2026-02-03T22:59:21;pecan;anticodon
47e78cfb-60e2-4ac9-bc5c-2cee33645c9f;splosh dicker pricey;when elderly;camouflage besides;portray if;inhibit;whoever;2026-02-03T18:34:05;extension developing sedately;license
9c9f5bdd-a978-4c92-b203-ddc22abc2a3a;majestic hence;e-mail why;continually;round;urgently;good instead even;2026-02-03T19:39:39;on;license
a0eea7d6-2592-4f73-8f5f-ba87c1e50388;regal straight out;icy gosh congregate;meander although;absentmindedly potentially;like worth;peony detective woefully;2026-02-03T22:40:54;zowie;eek unkempt hover
8652365f-5a1e-474b-978d-2dc5d3692bd9;waltz;woot;aha;dispose drat;oof behest saw;how tarry;2026-02-03T14:01:40;who towards disinherit;likewise march polished
8a0ebaa9-9e79-4989-8f2c-09f41b8bbb00;yesterday hornet;whenever pish;when feather;plus forager unto;horn;brook ew develop;2026-02-03T19:14:22;when;aw descent
f4c09dad-5b49-4c18-9d8d-de8d02ad2196;circa chubby;godfather pure;around far dividend;almost manipulate when;dreamily;mmm per develop;2026-02-03T17:33:35;until;ha miserably
