message_id;client_message_id;sender_id;sender_name;sender_avatar;message_type;content;content_preview;reply_to_message_id;reply_to_preview;forwarded_from_message_id;forwarded_from_conversation_id;reference_type;reference_id;status;is_edited;edited_at;is_deleted;deleted_at;deleted_by;reaction_count;conversation_conversation_id
6bb3d110-e9c6-4e43-9a75-e21055cddff5;invite majestic pave;yet depart carefully;accentuate;when wherever whimsical;ack actual;../fake-data/blob/hipster.txt;boo spectacles;experience defenseless;indeed redound bide;vague;or in nervously;meanwhile spectate;screw unto passionate;which supposing;32753;2026-02-03T15:40:41;29164;2026-02-03T22:06:04;commonly;15049;1ff837c7-ca9d-4d67-b0ad-2d28404b8db9
4041c32e-77f6-40db-95f6-c9ee9d4d42a1;wetly;woot;past yowza;dereference well-lit disgorge;powerless that;../fake-data/blob/hipster.txt;snoopy;circa;legal yet;down;lend;trained until;for vibration waterlogged;revoke uh-huh;28758;2026-02-04T08:38:55;10198;2026-02-04T09:40:30;even;17003;129bfa9c-0585-4cee-a2cf-ce383840a53b
14e3a3cb-552b-47c4-8697-00096c2c6edc;provided pace politely;overdue duh;revere brr;cheerfully mmm guilty;incomplete duh shanghai;../fake-data/blob/hipster.txt;unfortunately per whose;likewise beneath if;savour fuel;chairperson save;bruised or afterwards;actually appertain now;worth;wobbly slump yowza;7687;2026-02-03T19:05:16;5418;2026-02-03T15:14:26;cautious minus riser;26854;510e7219-f939-459b-81cc-a09ff224ad14
2279b136-314d-498c-aa44-8b43b31b09cb;orientate;phooey boo rejoin;cassava respectful;meh cruelly hm;amid scarcely over;../fake-data/blob/hipster.txt;pfft coaxingly even;hmph not;to fooey;if circulate;functional;where;punctual self-assured brr;ha;28820;2026-02-04T02:52:20;8456;2026-02-03T20:47:12;considering meanwhile favorite;1507;910f3fc3-7c42-4261-9a35-f199e403a1a9
b4f1eca0-0ed2-490c-87f7-61c5fb3aa467;replacement unless;gratefully;beneath;form despite;chunder since secularize;../fake-data/blob/hipster.txt;creaking unbearably notwithstanding;phooey;joyfully while;unruly;clinch ah which;crossly muted;self-reliant yawn aching;beyond ouch jubilant;7627;2026-02-03T13:35:32;13426;2026-02-03T15:59:13;ah oof;19133;600cc7a7-c0e4-45ba-a986-cd62457a599a
55af1f5d-da66-4c8a-b71c-6e0d8e9e3e91;innocent interior above;dwell;rapidly neatly harp;ajar brr;hm;../fake-data/blob/hipster.txt;gym like enhance;as;disk questionable deeply;lifestyle winding;ew;segregate;yum;happily mash;9654;2026-02-04T08:30:22;32514;2026-02-03T12:56:35;crazy seemingly;19247;59088211-165b-4c27-8a58-36ce57fd1536
391dd71a-9079-42b0-af6e-0c75517659d2;beneath ha favorite;husband aboard closed;snoopy unkempt till;incidentally jazz;meanwhile beneath wholly;../fake-data/blob/hipster.txt;even proud;apologise whoa;even pish;hairy;toward popularize;popularize quicker;solemnly;phew in;11731;2026-02-03T23:44:52;827;2026-02-04T02:45:38;wildly fruitful markup;2476;da5d6f28-eda0-4845-9ee2-e22372b3e417
b4535962-f60b-438b-b2d0-8cb0f6253a76;wetly during shear;as provided;versus roughly whenever;fail for yowza;lazily;../fake-data/blob/hipster.txt;depend corny stupendous;alienated;disgorge anenst kindheartedly;what for;plumber;brightly deliberately;millet;inasmuch worth;24523;2026-02-04T01:16:02;23610;2026-02-04T05:15:10;including futon and;1678;2cb4fa8b-cff7-4981-9789-f47c1eda3a69
eca4021f-d5e0-4e53-ba0a-e1b1e9cbdfac;down charlatan;blah brr;but hexagon;sure-footed low necessary;cuddly wonderful;../fake-data/blob/hipster.txt;versus well via;oof;bah provision describe;notwithstanding median considering;ah till;councilman opposite;growing zowie;neat;29923;2026-02-04T05:39:15;6014;2026-02-04T01:10:07;yak phooey airman;6270;23d19c38-1cc6-426b-a142-bce24562f70b
9bf5a93c-1a47-4100-bf24-6c18905169f7;shabby;sick;nor;under excitedly;psst camouflage concentration;../fake-data/blob/hipster.txt;shadowbox;ecstatic mature nor;doting duh;both psst;grown conjecture;pish minus;repeat around round;fishery tenderly;16622;2026-02-03T23:55:32;8184;2026-02-03T12:51:02;cantaloupe yowza;3555;61b76281-ed98-438d-a660-faf291cafeb0
