attachment_id;media_id;attachment_type;file_name;file_size;mime_type;url;thumbnail_url;width;height;duration;display_order;message_message_id
c46f7085-8699-435a-912c-f93ccf454e6d;hunt;tired who ah;a;6369;knowingly howl;https://lone-ceramic.com;pfft;9437;2611;30292;31019;6bb3d110-e9c6-4e43-9a75-e21055cddff5
e023721f-f54f-4430-a0ca-581aab2be66a;flint flimsy;liquid;boohoo hm modulo;13000;off innocently sociable;https://measly-mentor.name;yet dimly;9445;16729;6375;15472;4041c32e-77f6-40db-95f6-c9ee9d4d42a1
f5406a55-8adf-458f-a92a-582c1bde3aed;inasmuch border;descent cuddly;whether huzzah lobotomise;13136;heighten;https://gracious-intervention.net;aw frantically aha;12208;16886;13241;8764;14e3a3cb-552b-47c4-8697-00096c2c6edc
54812d8b-a799-41d5-b9b7-b333974dad4a;when holster however;aggressive ascertain;smoggy bah save;1860;shell positively;https://vain-ethyl.com/;before individual;19820;16677;27939;24254;2279b136-314d-498c-aa44-8b43b31b09cb
bf2ac2ed-faec-4414-9078-6d63912b36ed;before boo outside;what gift wound;weatherize;32751;that;https://linear-effector.info/;yearningly amidst fumigate;667;5536;23295;2814;b4f1eca0-0ed2-490c-87f7-61c5fb3aa467
efa51542-a84b-4c0f-8ede-36443a4dc2d7;upright;yawningly;international;20759;sanity;https://responsible-redesign.biz/;speedily;25253;28187;30358;4912;55af1f5d-da66-4c8a-b71c-6e0d8e9e3e91
d4e58b24-db28-458e-ba96-d3b8c4496771;abaft nervously as;scarcely ouch;cannibalise via alert;31949;vacantly;https://inferior-hydrocarbon.com;larva because;19642;21080;27721;2959;391dd71a-9079-42b0-af6e-0c75517659d2
7decacd0-7515-41db-8205-969b7ece5ea8;shyly crazy;battle caring;during fine holster;18164;lively broadside;https://murky-exhaust.com;stiff respray for;24242;21336;19860;14674;b4535962-f60b-438b-b2d0-8cb0f6253a76
f90b0334-cf5e-4d7f-8b4b-273af43e8751;flight blah;successfully;perfectly;14061;thick;https://definitive-nudge.net/;ah likewise;23405;12433;7435;12538;eca4021f-d5e0-4e53-ba0a-e1b1e9cbdfac
be833697-d506-444d-9755-343eb5844eb1;advanced knavishly ruddy;likewise black;oddball;6492;pillory;https://late-sonnet.info/;lace gah vaguely;20235;15336;31589;617;9bf5a93c-1a47-4100-bf24-6c18905169f7
