indicator_id;user_id;user_name;conversation_id;started_at;expires_at
149542ca-025a-4ec1-84a8-4b5f793cf1db;bossy ripe finally;nor digitize;monasticism if;2026-02-03T22:36:20;2026-02-03T21:57:25
0967f8b8-92d0-4114-bc4a-9f06dd1b395e;perfectly until truly;elegant;likable given unless;2026-02-04T08:53:42;2026-02-03T17:25:08
502b3213-99ee-4dd5-ab81-36af212bcd3a;furthermore scrabble finally;ah mobilize;er next;2026-02-04T05:54:25;2026-02-03T13:51:19
09fc6d0d-a453-4d61-99bf-ed62dacb4be0;knowledgeably about;helpfully attribute;disgorge;2026-02-03T18:39:37;2026-02-04T09:20:29
7f8d5308-9852-411f-9b4f-6ac4316df851;which;per;irresponsible;2026-02-03T11:27:54;2026-02-04T08:50:32
80403d12-5d2d-4aa8-bc5a-9e7cd213d1ac;statue calculating swine;before squirm;stuff though glisten;2026-02-04T08:45:35;2026-02-04T04:36:08
5b4ee076-f699-4180-8e79-b8e96ad74755;lighthearted surprisingly;grumpy atop muffled;indelible ack;2026-02-03T11:01:32;2026-02-03T17:08:35
d4128acc-6fa3-4cb5-bca7-db0c4a1f0005;bitter mentor aha;ick;without before;2026-02-03T12:48:24;2026-02-03T18:28:56
7982a800-851e-4e86-9b3c-2021c8aff95a;er warp absent;till;traffic veg incidentally;2026-02-04T05:19:48;2026-02-03T21:53:44
3be6e90b-00e2-4ac7-b50f-d474b9e525fe;planula;frankly;that very daintily;2026-02-03T22:31:53;2026-02-03T11:29:56
